Index,user,date,review,movie,polarity,sentiment
0,SAMTHEBESTEST,8 November 2020,"Pariyerum Perumal         Brief Review -Tamil Cinema BLESSED Socially Powerful Classic film. remember watching Nagraj Manjule's ""Fandry"" throwing stone many issues society ""Sairat"" stunning classification Honour Killing Casteism. reason mentioned two films not seen many filmmakers trying make cinema realiatic manners showcase brutal reality lower areas try stop somehow sending tight slap cinematic medium. Finally wait seems ended Pariyerum Perumal say Intermediate version two films yet finding complete originality credibility it's storyline. film heartbreaking disturbing concept causing anxiety towards lower cast people bear much humiliation torture afterall. A law student lower caste begins friendship classmate, girl belongs higher caste, men family start giving trouble over this. might seem highly repetitive concept but wait.. different problems, different conflicts, different issues different society deal please try finding something new somewhere hidden small small nuances. literally broke watching couple scenes scenes made jump seat. mean, connective subject common man unless belong evil tribe inhuman creatures. Acting, writing, cinematography, dialogues, background score, lyrics, direction overall presentation everything top class here. no complaints make except predictable positive climax generous. think could something stunning, sensational mind shattering final scene might left brain thinking over sometime. Rest, it's Top Quality Classic Tamil Cinema, yes industry make cheap films mainstream orientation.RATING -  /  *By - #samthebestest     found helpful. Was review helpful? Sign vote. Permalink",Pariyerum Perumal,0.02410579004329010,negative
1,KdosdaHegen,22 November 2020,"film part amazing. story motivating, but also fast paced full action. film beautiful shot, one best cinematography I've ever seen Indian film. music fits perfectly too. protagonist hand terrible. He many problems don't tell anybody it, gets wrongfully accused stuff not many times even almost gets murdered many times yet don't tell anyone, like come on, that's stupidity, not bravery.     found helpful. Was review helpful? Sign vote. Permalink",Pariyerum Perumal,0.2708333333333330,positive
2,santhosh,25 January 2019,Excellent Movie. Kathir everybody acted well movie. Yogi Babu's comedy movie also excellent. Songs BGM movie also good. movie no boring scene. Some scenes sad. movie excellent message. One best movie     .     found helpful. Was review helpful? Sign vote. Permalink,Pariyerum Perumal,0.6714285714285720,positive
3,kamalbeeee,22 May 2021,First scene song make sit straight watch movie..A lawyer student protogonist love upper castegirl seeks horrible problems due caste..Great story screenplay dialogues songs bgm..Must watch kind peiole..!!     found helpful. Was review helpful? Sign vote. Permalink,Pariyerum Perumal,0.10892857142857100,positive
4,saru,5 October 2018,"went high expectations, although didn't keep up, not bad though. movie revolves around higher/lower caste discrimination,  -  intense scenes, which'll make think dirty guys plays cheap politics caste outfits. felt like continuation film  Uriyadi.      found helpful. Was review helpful? Sign vote. Permalink",Pariyerum Perumal,0.10200000000000000,positive
5,Jithindurden,9 December 2018,"In paper, simple love story shows side caste-based honour killings happening India, but way presented mindblowing. film always looks grounded reality yet stylised songs, brilliantly shot hard-hitting point expository lyrics music makes feel power it, feels right rest film. way issue caste shown also much fluid manner defies preachiness. Above violence hopelessness shown film still tries end ray hope defining relationships talking want without constraints but ironic tone. last shot tea glasses perfect ending shows still left society, defines people's lives here. Caste-based love stories include honour killings come but way film deals every aspect story, characters technical side unique. For relatively simple storyline,  .  hours runtime wasn't even second felt overlong, fact, would loved see it.     found helpful. Was review helpful? Sign vote. Permalink",Pariyerum Perumal,0.2565126050420170,positive
6,Azanspy,20 November 2018,Pariyerum Perumal good movie director gives good message caste systems parts Tamil Nadu. movie begins slow pace pick pace later outstanding climax scene. All cast done good job. Pariyerum Perumal worth watch.     found helpful. Was review helpful? Sign vote. Permalink,Pariyerum Perumal,0.3714285714285710,positive
7,beevenkat,7 October 2018,"hero law student belongs lower caste. He befriends heroine belongs higher caste n hell breaks loose. #PariyerumPerumal brilliantly executed scenes,  -when heros dog brutally killed,  -when higher caste man pisses unsuspecting hero,  -when heros father disrobed. These scenes stay u long u exit theater. Kudos actor #kathir n director #mariselvaraj creating masterpiece. Do watch it. Rating  . / .     found helpful. Was review helpful? Sign vote. Permalink",Pariyerum Perumal,0.17884615384615400,positive
8,ragingbull,8 August 2021,"Prima facie, IMDb summary, viewer may end believing see another _Sairat_, story intercaste love leading _honor killings_. But summary no justice this.It gavel designed bludgeon societal assumptions cannot do, basis place background belong to. war cry never let go dreams ideas.And contains vividly disturbing scenes recent times. These not especially gory. But, casual brutality people indulge in, name caste pride shown rawness meant shake insides, successfully does.I couldn't make original words but music songs , translation , bold thought provoking.It *number  * list Indian films IMDb. That may function fan boys ratings but truly special. seems auto biographical times would stun directness.The directors next, _Karnan_, even better.Very highly recommended.     found helpful. Was review helpful? Sign vote. Permalink",Pariyerum Perumal,0.1454978354978360,positive
9,akhil,20 May 2020,"one favorite movies ever. It's well written, well directed actors complete justice roles. Pariyerum Perumal one Indian movies actually deserves rating got.Doesn't matter progressed are, can't escape past easy. Casteism cancer can't get rid of. And addresses transphobia well.I recommend everyone.     found helpful. Was review helpful? Sign vote. Permalink",Pariyerum Perumal,0.15666666666666700,positive
10,dhavalpithwa,8 June 2021,Always Cast Dosen't Matter Nice movie Watch!.....     found helpful. Was review helpful? Sign vote. Permalink,Pariyerum Perumal,0.75,positive
11,eldreddsouza,28 May 2021,"film like this, one badly made, badly written one filled nonsensical scenes rating  . ? Yes film highlighting problem casteism rural India ver much prevalent even today. But can't deny screenplay quite poor. Overall it's badly made film serious subject. Filled unnecessary overdrawn sequences movie feels dragged. There many songs feel superfluous could easily done without.The first half decent good comedy scenes, mainly Yogi Babu. But ridiculous scenes makes hard take film seriously. couldn't care less characters many plot holes film, couldn't care them. Even ending film ridiculous, feel like could've watched better film instead overrated movie.Giving   hope bringing ratings film  .  seems utterly ridiculous. Thoroughly disappointed one.      found helpful. Was review helpful? Sign vote. Permalink",Pariyerum Perumal,-0.06755952380952380,negative
12,sudhakaranakhilan,1 November 2018,"finished off mood paranoid not able get condition time. Really disturbing tale young guy Perumal went along till got spotted black coffee tea. Yes course color something echoing sense two margins society, way people's approach word class discrimination. fueled banged something important issue flavoured way dramatic personification. Not Perumal but also Karuppi, Perumal's father, landscape, music everything haunts surrounds vaguely vividly every aspect film. went across incidents happening around society witnessed directly indirectly but Perumal shown accurate representation went back history. It's outstanding point making executing something strong subject mixed swirled brilliantly projected audience. Pariyerum Perumal stay might disturb time, that's sure.     found helpful. Was review helpful? Sign vote. Permalink",Pariyerum Perumal,0.12135416666666700,positive
13,postsenthil,27 October 2019,"Message movies dime dozen regularly run risk skewed towards former extent superimpose even drown latter. In hands inept amateurs even overly zealous veterans evangelist mode, tend become preachy best quite often, end cringe-worthy. Consequently, message movie could well called oxymoron.Seen light, debutante director Mari Selvaraj's maiden effort comes whiff fresh breeze is, indeed, extraordinary achievement. slice life drama, set southern Tamil Nadu, story protagonist - Pariyerum Perumal  Kadhir  - poor law college student oppressed caste trying find place sun equal. And . . prism life story, director surveys spectrum class well caste divides many minor, yet finer nuances.Mari holds mirror contemporary society finds rich shades even looks like staid stereotypes. Look, instance, Perumal's connection father, compulsions Jo's  Anandhi  father, characterisation college principal even Yogi Babu Anandhi who, despite coming upper class, different takes milieu compared counterparts which, turn, defines individual connection Perumal. Mari maintains meticulous focus narrative even layered writing ensures smallest characters imbued sufficient texture make feel real moments fit seamlessly story arc.Kadhir excellent Perumal gets skin character explore insecurities identity, humiliation, helplessness, simmering rage well quiet determination. Anandhi, Yogi Babu, Marimuthu rest supporting cast turn credible performances well. Mari also complemented well Santhosh Narayanan infuses life unique songs well background score. cinematography Sridhar captures locales natural flair without flashy adds urgency action sequences.The craft Mari Selvaraj display superlative even surpasses mentor - director Pa. Ranjit - producer here. His narrative gift natural flow courses mundane gut wrenching subtle layers without making anything look forced. manner created shocker initial sequence well evocative finale, one best seen recent times narrative journey bear testimony that, despite debutante, Mari consummate creator, confident craft.Kudos plaudits richly deserved duo Pa. Ranjit - mentor - well Mari Selvaraj - prodigy - surpasses mentor making movie debut efforts - producer director, respectively - anything go by, look forward meaningful fare movies.     found helpful. Was review helpful? Sign vote. Permalink",Pariyerum Perumal,0.1823170731707320,positive
14,cinish,16 November 2018,"two weeks since watched movie movie stayed ever since. Too honest bold deny. movie addresses caste. shocking meaningless biases superiority/inferiority based caste rather substance cannot swept mind's carpet nuisance predicament not responsible either ways. You get killed.I watched movie clean slate without knowing movie about. shocking realistic murders presented kept questions list answered plot movie unfolds. However, soon realized carried not serial killer but honor killer. much disconcerting.The movie makes it's marks through. Starts off sharp indicative prologue. As titles come on, first song strikes - karuppi. A rap strong visuals. Music Santhosh Narayanan pure genius. As right now, songs ""Naan Yaar"", ""Rayil vida polama"" ""Karuppi"" stand strong pillars, addressing core subject caste bias wholesome manner. ""Naan yaar"" speaks angst lower caste - asking painful honest questions is. ""Rayil vida polama"" innocent love young girl feels lower caste boy not yet understand caste bias. She victim too.Kathir done brilliant job main protagonist movie. urge rise big hopeful dreams pain disorientation struck biases come brilliantly.Karuppi, dog used symbol nicely. fact movie bold honest good enough. Over that, Maari Selvaraj blended pure art form songs karuppi take experience next level. movie not end answer. ends question rightfully so. What fix mindset help answer?     found helpful. Was review helpful? Sign vote. Permalink",Pariyerum Perumal,0.15096726190476200,positive
15,drhajermohdd,1 January 2019,"drama movie taken ,But first scene matched John wick   dog  .And introduction villain super     found helpful. Was review helpful? Sign vote. Permalink",Pariyerum Perumal,0.29166666666666700,positive
16,sudheeshthulaseedharan,7 February 2021,"politics human skin color, cast sexuality harder harder execute this. In nutshell, Mari Selvaraj's Pariyerum Perumal.Through story Perumal, born lower caste went study law college Tirunelveli      desire reach great heights education. film shows us caste system brutally interferes daily life.When forgets living dalit, film depicts still living caste system convinced many occasions dalit.The film puts forward life truth not responsible murder beloved dog Karuppi, bullying classmate's wedding house ridicule got college, but cannot escape it, even though realizes real problem caste.Kathir put show extra ordinary acting best ability. In words, many scenes cannot express anger but see them, seems Kathir's career best performance.There another important character. A character kills easily sake caste. done someone over age    but character really terrified.Santosh Narayanan's BGM good.This uncompromising quality movie never ending proof Tamil film world still moving different direction realistic cinema.     found helpful. Was review helpful? Sign vote. Permalink",Pariyerum Perumal,0.1715909090909090,positive
17,chaitumhyd,30 December 2018,"Caste religion against humanity.This disclaimer movie shows begins.India immense levels caste religious politics, honor killing, lower GDP lower castes. All   points part story. Hope new upcoming generations give importance show kindness towards people animals next rather idea dividing supernatural power.     found helpful. Was review helpful? Sign vote. Permalink",Pariyerum Perumal,0.060606060606060600,negative
18,ud,13 August 2020,"seen many movies caste differences but makes movie Special It's plot, story perfectly balanced Relationship Jo --Pariyerum Caste discrimination faces Jo's family. These type movies shows us mirror truth caste factor still prevalent   st century India. Hope affects perfectly minds people still considers Caste matter pride. Kathir best Performance till date. Anandhi looks sweet innocent, Very beautiful though. Mari selvaraj done brilliant work direction.Last word- Must watch Performance Movie message.     found helpful. Was review helpful? Sign vote. Permalink",Pariyerum Perumal,0.7341269841269840,positive
19,appuhariharann,27 October 2018,loved movie core it's nice see music scored Sana lyrics matched movie. And wonderful screen play story telling went well credit goes whole team director getting kind movies Tamil industry     found helpful. Was review helpful? Sign vote. Permalink,Pariyerum Perumal,0.62,positive
20,maruthuk,25 November 2018,"Movie carried good message, screenplay direction movie also good, but movie definitely not watchable young kids, scenes violent. Acting hero heroine also good.     found helpful. Was review helpful? Sign vote. Permalink",Pariyerum Perumal,0.20000000000000000,positive
21,sarathda,5 August 2020,"Seamlessly structured around Santhosh Narayanan's greatest ever collection songs -- every song transformative, every lyric accompanying dance  as Engum Pugazh Thuvanga, whose affective power within film's context possibly surpasses even immediate classics like Karuppi Naan Yaar  suggesting opening film protagonist newer, deeper emotional dimensions, kaleidoscopic textures soundscapes around drama arises unfolds land, born much tenderness idealism, innocence navigating college, friendship, love brutality caste. initially appear threads elements tangential film's central thrust -- old man carries caste honor killings eerie precision, Jo's doe eyed naivetÃ© way even terrifying, Yogi Babu's comic relief rendered quiet generosity -- have, time film settles upon marvelous final exchange shot, emerged integral film blues, Kathir's performance astonishing vulnerability physicality, soul Karuppi.so much say celebrate here, but now, power Mari Selvaraj, Pa. Ranjith team continue create contemporary cinema palpable urgency cannot said often enough, Santhosh Narayanan national treasure.     found helpful. Was review helpful? Sign vote. Permalink",Pariyerum Perumal,0.13174603174603200,positive
22,vinothdharma,19 October 2018,"Director Mari Selvaraj makes debut hard-hitting film caste discrimination.This movie teach us spread humanity need eradicate castism. Cinematography awesome work may get national ward. Screen play masterpiece, Dialogues related inequality point. sure slap people.my heart still feels heavy watching movie!ðŸ˜£     found helpful. Was review helpful? Sign vote. Permalink",Pariyerum Perumal,0.325,positive
23,boobooc,12 November 2018,Arjun reddy theeran adhigaaran ondru south indian movie preferred till date friends.This one awesome too.Must watch.     found helpful. Was review helpful? Sign vote. Permalink,Pariyerum Perumal,1.0,positive
24,Fellashibby,26 November 2021,"If Atticus Finch greatest movie hero, Chandru underrated real life hero.This movie sobering reminder injustice lack accountability plagues beloved India.The poor dwellings mountainous forests reflected state deep racial problems social injustice still exists beloved India.The guy  Suriya  played Chandru gave amazing performance.This first film Surya n become huge fan him.Also first film lead actress Lijo Mol Jose gave intense performance character Sengkani make even toughest skin feel sad.This movie brutal scenes police brutality. More horrific horror films frightening u know movie based true events.The real life judgment Rajakannu vs State Tamil Nadu & Ors, Parvathi's statement torture husband suffered, reality seems far worse art.       found helpful. Was review helpful? Sign vote. Permalink",Jai Bhim,0.1154166666666670,positive
25,Xstal,14 November 2021,"extraordinary story leave aghast injustice corruption endemic constabulary India, least state Tamil Nadu events take place. Based true events relating prejudice persecution, activities still permeate societies today, film best watched Tamil subtitles language not one own.       found helpful. Was review helpful? Sign vote. Permalink",Jai Bhim,0.23055555555555600,positive
26,arungeorge,2 November 2021,"It's always nice see star like Suriya move away typical masala flick Diwali come hard-hitting courtroom drama based actual events. In film, tool helps enact justice oppressed victims. There's no showy entry, songs praise skies, stock heroines exist admire him. Instead, film focuses tribal characters played Manikandan Lijomol  both excellent  series unfortunate events go through.Police brutality sensitive topic, touched upon films filmmakers, even keep hearing several cases news. Films like Visaranai Karnan paved way TJ Gnanavel's Jai Bhim tell harrowing social issue without need preachy. Jai Bhim's first hour somewhat disturbing watch, cries oppressed tugging heartstrings coming across slightly amplified. There's no subtlety play. punches wholly felt, screams heard loud clear. If still don't, Sean Roldan's woeful score drive point home.But film gets infinitely better final hour. While finale isn't exactly unpredictable, journey getting riveting. Both Suriya Prakash Raj deliver goods gracefully - not once, getting faces loud monologues. At length  h   m, Jai Bhim works due performances topical relevance. Glad mainstream audience gets see OTT.         found helpful. Was review helpful? Sign vote. Permalink",Jai Bhim,0.08901515151515160,negative
27,santhosh,2 November 2021,Excellent Movie. Everybody acted well movie. Songs BGM movie excellent. movie interesting thrilling. Best Tamil Movie     . Excellent Movie.         found helpful. Was review helpful? Sign vote. Permalink,Jai Bhim,0.7916666666666670,positive
28,ketgup,7 November 2021,"Jai Bhim turned hard-hitting, raw powerful court-room drama. purpose cinema not entertain but also educate empower audience. courtroom drama based movies always engaging prosecutor defendant fight solve case solid evidences innumerable witnesses.Bollywood Films like ""Damini"", ""Jolly LLB"",""Talvar"" ""Rustom"", ""Pink"" even ""Section    "" immensely successful keeping audience engaged impeccable dialogues fantastic screenplay but makes Jai Bhim different beautiful message morality equality tribal woman fights justice husband.Jai Bhim based      Habeas Corpus petition human right activist cum lawyer K. Chandru   played Suriya  , takes case Irular tribe couple  Rajakannu Sengeni  husband wrongly convicted local police stealing ornaments village head's house.As Jai Bhim opens, see cops segregating prisoners based caste. Among caste, tribal people becomes easy target cops clear pending cases influence political head. also see Rajakannu, main accused jewelry case, forcibly taken away family. film goes back flashback mode life tribal couple beautiful serene village hone skills catching rat bosses. As life progresses, one event Rajakannu brothers caught crime not commit. They go extreme level police harassment torture hard digest completely raw. Enter Chandra a.k.a Suriya takes case Sengeni narrates entire incident request help find husband per police, absconding jail.Jai Bhim one hair-raising film definitely difficult digest gives goosebumps eye-popping experience. Screenplay hero nail-biting moments. Art direction fine Cinematography excellent. Suriya knight shining armor. Watch second half questions witnesses courtroom. unforgettable performance lauded sheer brilliance. Among actors - Manikandan Lijomol Jose mind-blowing natural performances. Prakash Raj well IG.Jai Bhim experience needs lauded impeccable direction, electrifying performances beautiful message. Excellent  / .        found helpful. Was review helpful? Sign vote. Permalink",Jai Bhim,0.24750024750024700,positive
29,saru,31 December 2021,"A good one Surya long time.More Surya, heroine factor good guy entire story revolves acted phenomenally well.It good see real-life struggles people good screenplay pinch commercials stuffed it, tickle.     found helpful. Was review helpful? Sign vote. Permalink",Jai Bhim,0.4642857142857140,positive
30,akshatmahajan,7 November 2021,"movie much needed movie raises questions police, custody murders casteism. Nowadays, South India Cinema giving us much better movies bollywood.Story good, pacing execution also good but could little bit better, acting also good  nothing looked fake forced . Not adding songs movie best choice, could ruined movie. movie different bollywood's legal case stories masala, songs overacting.Overall, recommend everyone. You give try.         found helpful. Was review helpful? Sign vote. Permalink",Jai Bhim,0.27019230769230800,positive
31,msunando,8 January 2022,"You would imagine security forces law two sides coin always work hand hand. Not true! Jai Bhim narrative real life incident real people fearless lawyer fights basic human rights underprivileged against police force, dealing fire fire backdrop adversity.When heavily Sengenni's  Lijo Mol Jose  husband Rajakanna two relatives, underprivileged socially deprived tribe Tamil Nadu go missing police custody without trace, runs pillar post urge authorities help search them. With no financial economic resources, helpless Sengenni finally finds kindness Chandru  Suriya , fearless lawyer firmly believes police machinery given much latitude turned maleficent force against poor. After studying details incidents originally led arrest three men subsequent events described Sengenni, Chandru certain policemen concealing facts behind disappearance. He agrees take case files habeas corpus petition Chennai High Court against police department, seeking assistance government trace missing prisoners whose crime hasn't proven.Jai Bhim intense investigation courtroom drama unfolds macabre events diabolical consequences. Faced against Attorney General fighting protecting policemen, Chandru faces uphill task unearth facts eventually unmask ugly truth. film directed T. J. Gnanavel showcases naked chasm educated civilised society marginalised scheduled castes tribes, glaring instance inequality exists without realisation. One hardest hitting films times, Jai Bhim undoubtedly one calibre arthouse films   's directed Shyam Benegal, Govind Nihalani, M S Sathyu Adoor Gopalakrishnan, promoted India's entry Oscars. Suriya mighty impressive upright human rights lawyer fighting case outwardly dispassionately, but seething inside. Lijo Mol Joseph resounding reminder Smita Patil's intense performances, showcasing angst pathos heart-rending manner. Rajisha Vijayan, Prakash Raj Rao Ramesh offer great support. Yet laud performance Tamizh evil S. I. Gurumoorthy, perpetrator excessive torture hapless trio, rouse awareness goes pice lock ups far reaching power machinery go protect real criminals.Don't miss Jai Bhim - offers wide range emotional turmoil makes gripping watch, standing one best films recent times.     found helpful. Was review helpful? Sign vote. Permalink",Jai Bhim,0.03936265969802560,negative
32,sriramthestranger,7 November 2021,"movie predictable many scenes but still performance Surya music keeps us engaged throughout. characters portrayed highly one-dimensional except Prakash Raj. That major flaw movie unlike Visaranai, Vetrimaran's characters story much much better one. Good watch neverthless!        found helpful. Was review helpful? Sign vote. Permalink",Jai Bhim,0.31625,positive
33,mramanan,5 November 2021,"RATED   /  Language  TamilSource  Amazon PrimeRECOMMENDEDTribal life rights cleverly delivered...at point forgot watching movie seeing pain real. cast locations real...The court room drama flashbacks well balanced end credits makes awe...Kudos Jo Surya producing movie... At point movie could become documentary, but director brilliantly maintained mainstream movie entertainment throughout story telling.... Another big advantage never feel preaching/advising tone not biased.It delivers pain feeling movie ""Visaranai""....Must watch.         found helpful. Was review helpful? Sign vote. Permalink",Jai Bhim,0.2533333333333330,positive
34,ramisaakter,26 December 2021,"far best Indian movie me. What shocking is, based true story. didn't know but loved more. Acting point, script, artists amazing. So beautifully presented. can't praise enough.     found helpful. Was review helpful? Sign vote. Permalink",Jai Bhim,0.31,positive
35,nidhunmoviebuff,2 November 2021,"Despite over   hours    minutes long, 'Jai Bhim' engaging, thoroughly entertaining watch backed astonishing real life story custodial violence, police cover-ups systemic corruption.Suriya plays crusading lawyer, hell bent revealing truth behind three Irular  Scheduled Tribe  men go missing police custody.The superstar turns impeccable performance fastidiously chips away truth, discover layer upon layer lies, caste hatred cruelty.Despite big name star disposal, director T. J. Gnanavel deserves praise letting story take driver's seat, never reducing unnecessary 'massy' sequences masala elements drive narrative forward.Lijimol Jose wife Rajakannu  played Manikandan  absolute force nature role, delivering best sequences film, turning performance veteran would proud of.Prakash Raj usual excels supporting role Rajisha Vijayan precious little screen time make sizeable impact.The music Seal Roldan played significant role, helping audience feel pain beleaguered protagonists beginning vindication righteousness towards climax.Jai Bhim not rise emotional highs previous classic dramas based custodial violence like Visaranai        Naandhi        but immensely engrossing watch. Recommended!        found helpful. Was review helpful? Sign vote. Permalink",Jai Bhim,0.20597826086956500,positive
36,rahul,3 November 2021,"In scene Jai Bhim, group tribals man meet police office heading inquiry commission disappearance three missing tribals interrogated police theft case. One man tells arrested cops greeting them. Another tells arrested tried slink away fearing them. A woman narrates husband forced 'confess' crime not committed cops started molesting her. A young boy mentions police picked could not get father, one incident made perennial suspect school. These people clearly damned did, damned didn't.This scene echo scene opens film. see many prisoners let prison. A cops surrounding police stations waiting. As prisoner comes out, asked caste. If mention dominant caste's name, asked leave. But belong scheduled caste scheduled tribe, told stand corner, waiting cops pick suspects many cases remain unsolved station. When complain foist cases on, told could accuses committing one crime.With scenes like these, Jai Bhim powerfully captures abuse humiliation heaped upon underprivileged power kind defiance take get justice. Like Visaaranai recent Kavalthurai Ungal Nanban, film also fierce criticism police brutality. plot revolves around Rajakannu  Manikandan  Sengani  Lijomol Jose , couple live Konamalai near Viluppuram. They belong Irular tribe, despite poverty - still cannot afford brick house - contented happy. Especially daughter Alli going school second child way.But happiness dashed cops come search Rajakannu over robbery. poor man become main suspect happened one visited house robbery happened day catch snake. Unable find him, police pick pregnant Sengani men tribe, including Rajakannu's brother Irutappan. Sengani later let go - not beaten kicked multiple times - but Rajakannu couple others, no respite harrowing violence unleashed upon men khakhi. When Sengani hears three men escaped whereabouts unknown, reached Chandru  Suriya , righteous lawyer fights downtrodden. But uncover truth entire system standing against them?Jai Bhim unexpected sophomore effort TJ Gnanavel, previously directed uneven drama Kootathil Oruvan. film raw, real brutal, gritty filmmaking enhancing solid writing. effectively portrays wrongs done underprivileged without seeming exploitative overly melodramatic. Despite one oldest communities country, tribes not even proof show citizens cannot even piece land. When Mythra  Rajisha Vijayan , teacher part adult literacy programme, tries get voter id, local big shot, belongs dominant caste, retorts, ""Isn't enough request lower castes vote us? Should also go homes fellows?""Gnanavel gives us terrific moments defiance. Lijomol Jose quietly powerful Sengani, gets couple rousing scenes turns efforts compromise cops. Manikandan, too, effective stands scene urges men not give result community branded criminals. director also portrays intimacy Sengani Rajakannu charming manner.The film based real-life incident involving Justice K Chandru, days lawyer. Suriya plays role right amount intensity earnestness, helps character seem grounded even film Sean Roldan's score try build can-do-no-wrong superhero. In fact, introduction scene wouldn't place masala movie. But Soorarai Pottru, another notable film star performer.And scenes Prakash Raj, plays inquiry commission head, Perumalsamy, give us calm composed dialogue act counterpoint flinching violence moving melodrama. latter lends role great deal dignity character believes one take little bit authoritarianism protect democracy. So, lawyer considers police worst cop finds lawyers worst working together ensure justice done. Through scenes, Gnanavel - one judges film mentions - shows justice upheld law order work hand hand.There couple missteps. After point, violence begins feel like torture porn, even though film presents episodes flashbacks events happened over day two. And narrative sense, Chandru's efforts unravel mystery battle court feels somewhat easier no strong antagonists. Both Rao Ramesh advocate general Guru Somasundaram public prosecutor never come across formidable foes Chandru court. That said, Chandru unravels one cover-up another, film makes us realise extent unchecked power go maintain status quo.But doesn't lessen emotional impact film, which, along films like Visaaranai, Kirumi Kavalthurai Ungal Nanban, much-needed antidote restore balance portrayals police industry overrun Singams Saamys.         found helpful. Was review helpful? Sign vote. Permalink",Jai Bhim,0.04574954366621030,negative
37,samabc,17 November 2021,"There    tribes TamilNadu. Most tribes depend agriculture, forests cultivation livelihood. story   belong one tribe work upper caste rat infestation control catching snakes homes. oppressor oppressed... habeas corpus case... court drama ... movie succeed portraying heinous gruesome picture atrocities systematic violence committed police, upper caste, justice system government against tribes. A bitter reality... last   years In last five years, total     caste-related murders reported Tamil Nadu victims Dalits. At least two Dalits assaulted every hour   st-century India, every day, three Dalit women raped, two Dalits murdered two Dalit homes torched average. Over     million Dalits, comprise nearly   % India's population, face threat violence daily  Ref  Wire The apotheosis protagonist unnecessary jail sequences however takes away focus underlying tribal issue .. but not fail deliver strong message demands one introspect.. thought provoking, based true story .. Surya brings perception story telling 'unfortunately truism' .. great watch ..       found helpful. Was review helpful? Sign vote. Permalink",Jai Bhim,0.024166666666666700,negative
38,magadalwarmayur,2 November 2021,I'm not native tamil speaker but seen film trailer intrigued me.This film call raw hitting. hits hurts cast great job casting director better job finding cast.The direction film grounded never feels like cliche acting cast member.The cinematography Film simple gives indie film vibe .As Indian definitely watch film haven't seen important film decade.         found helpful. Was review helpful? Sign vote. Permalink,Jai Bhim,0.18365384615384600,positive
39,TreeFiddy,2 November 2021,"Turns out, movie based real-life incident     .In times policeman mostly glorified Indian cinema, wasn't expecting movie police brutality, something that's usually swept rugs, makes important film Tamil film industry thanks streaming services, Indian Cinema.The storytelling great job making care enough Rajakannu Sengani  both brilliantly played, Lijomol show stealer movie  empathize throughout movie. Parts movie brutal hard watch, don't surprised find shouting ""Okay that's enough! STOP!"" events unfold. Suriya Prakash Raj play respective roles enough intensity, nothing over top one. Acting support cast well done.As much film police brutality, also casteism, still prevalent great country. Movies, good bad ones, past topic made, but tell script trying hard highlight caste system. one, thought, right didn't overdo it.If HAVE to, find things wrong movie - cinematic liberty, ""comedic"" elements, ""mass moments"", necessary IMO. That said, isn't kind movie find flaws in, but kind watch, learn grown person. So, I'd request simply appreciate filmmaking, empathize characters learn thing two takeaways real life.        found helpful. Was review helpful? Sign vote. Permalink",Jai Bhim,0.1375793650793650,positive
40,isaacsundaralingam,4 November 2021,"don't understand movie gets love does. feels like diluted ""Visaranai"", nothing new say audience. story progresses snail's pace it's oh predictable cliche. Yes, get it, it's based true story, but matters cinema not story is, but presented.Jai Bhim isn't account bad movie. think it's decent one. But like literally every legal drama movie ever made Tamil cinema, falls victim overestimating appeal. Do really need exaggerated slow-mo's, over dramatic profiles intrusively annoying musical numbers effectively told story?The worst part movie characters. They lack enormous amount depth. still wonder character M S Baskhar even existed movie, not annoy us literally every word says, effectively bogging movie him. Don't get wrong, love guy think he's amazing actor, but poorly written overall movie. And true Suriya well. character nothing set apart might expect exaggerated ""goody"" lawyer.The movie    -something minutes long. That painstakingly long time sit movie little substance. If cut everything thought would make commercial movie, stuck meat it, could made amazing   -    minute experience high spirits emotions. But no, drag long did.I don't hate movie, not feeling like wasted one extra hour attention deserved have. It's least decent one, but nothing close amount praise gets. But hey, I'm minority here, knows...        found helpful. Was review helpful? Sign vote. Permalink",Jai Bhim,-0.04232800982800980,negative
41,madanmarwah,17 November 2021,"movie disturbing traumatic watch dealing extended scenes police brutality jail premises. plot tribal wrongfully arrested stealing jewellery police use third degree force confess. narrative gripping first shows police version alternates scenes actually happened.Director TJ Gnanvel deserves credit making riveting movie based taut screenplay focusing oppression faced marginalised tribals. There raw realism see catching rats food struggling make existence dignity. Their way life sad happy moments shown well. felt director inspired work Shyam Benegal Prakash Jha.Limo Mol Jose played role suffering wife done superb job. No less impressive actor K Manikandan harassed victim. Suriya plays brave lawyer- crusader takes entire police department order deliver justice pregnant wife tribal. Veteran Prakash Raj impressive IG, police. acting high class.The courtroom scenes shot skillfully absorbing. clear self respect , dignity human rights tribal community trial against powerful police bureaucratic state machinery. movie excellent cinematography editing.Despite scenes excessive police brutality  custodial third degree , movie ""must see list"" due overall excellence.      found helpful. Was review helpful? Sign vote. Permalink",Jai Bhim,0.22083540115798200,positive
42,hxzr,4 November 2021,"one best movies watched recent years.. based true facts.Casting, Story, Acting, Direction every small thing made masterstroke here.Surya leading actor lawyer Lijo Mol Jose Sengoni made remarkable splending performance.Bollywood learn type movies.. make remake lowest performance high budget !!!Once again, sad checking true facts movie brought front remarkable drama. Hats-off actors.         found helpful. Was review helpful? Sign vote. Permalink",Jai Bhim,0.27625,positive
43,WorldMovie,5 November 2021,"Jai Bhim real. No doubt it. A real story portrayed gripping realism. Makes connect reality. Jai Bhim brutal. Yes, horror stereotyping people. Breaks heart throughout event. Jai Bhim thoughtful sense keep thinking really culprit today's society. Finally gives silver lining dark. Its tribute Ambedkar's war against casteism.Now coming movie, Suriya plays role dedicated lawyer. He works upliftment downtrodden provides justice. He plays part well, no nonsense behavior normally done protagony south movies. antagony well represented. Means perfect outwardly but devil inside. A war justice injustice finally gives optimistic ending. Like ray appearing dark. message awareness cultivate rearding oppression done law keepers mandatory nowadays. shall remember movies like Jai bhim Ardh Satya regarding social issues. Both simply outstanding though opposed one another story.Prakash Raj good watch esp Positive role. performances praiseworthy. All possible edges covered makes seated. BGM, storytelling script perfect theme. A watch. One best south. Recommended social issues Indian context. Its strong point also movie based upon true story see happenned. So nothing analyse content believe. A   /  .         found helpful. Was review helpful? Sign vote. Permalink",Jai Bhim,0.2614669421487600,positive
44,SAMTHEBESTEST,26 October 2020,"Asuran         Brief Review -A Revenge drama filled action raises voice against lower class discrimination higher class oppression. Tamil Movie Asuran   strong sides   big reasons recommend film. First, it's revenge drama filled action sure shot safe bet Masses second explored serious issues like Discrimination honour killing Classes. film raises voice against traditional higher class oppression loudly also makes little emotional addition family values. Although, not favour much realism quality filmmaking, overall gesture still par. An action flick Tamil Cinema mostly entertainment mainstream masala but Asuran tried little different mainstream masala see whether not time Films audience move on. Luckily, film proves it's point yes, audience ready accept film spread awareness also give pleasure watching Action flick time. high ratings IMDb users Public reactions overwhelming, didn't agree fully though. Yes agree Asuran Very Good Movie one rare actions films hearth brain right place but somehow not Outstanding Extraordinary. Maybe Tamil audience feel new hence overwhelmed but rest audience across nation globe films long ago  and fall category . Dhanush, Manju Ken Karunas three names remembered acting film, rest okay-okay. Cinematography bit dragged action sequences otherwise no complaints. Vetrimaaran's attempt action film Social message undoubtedly successful. Overall, A Nice Definitely watchable film but not anywhere close Classic tag.RATING -  /  *By - #samthebestest     found helpful. Was review helpful? Sign vote. Permalink",Asuran,0.1783775444413740,positive
45,arungeorge,9 November 2019,"What see beginning Asuran father-son duo trying flee something/someone - not told happened beforehand. Borrowing cues Vetrimaaran's Vada Chennai somewhat similar opening sequence  albeit twist different backdrop , films feel like two pieces meat, cooked conditioned differently.Power  in simplest terms  many Vetrimaaran's films amount possession property position political caste hierarchy. It's pretty much Asuran well. insatiable greed upper-caste, land-grabbing rich men root cause issues Vadakkooran  Aadukalam Naren  Sivasamy  Dhanush  eventually spiral control. As case Vada Chennai, lives lost sides it's time redemption.DOP Velraj paints Asuran various shades brown red, two colours define flick multiple ways. Red denotes spilt blood brown denotes land. film blood-soaked revenge saga - time, violence strikes close home, man house  who's pacifist  undergoes massy, intense transformation. pre-interval block conveys quite well. It's action set-piece looks refined raw  Peter Hein handles fight choreography, speaks itself  Vetrimaaran movie. almost felt like Vetrimaaran built scenes signature style sat back exclaimed  ""Well, here's set-piece fans/masses"".Manju Warrier, plays Pachaiyammal, terrific screentime allotted her. She brandish sickle right way 'right-er' way goaded. holds against bunch ruffians scene early film, riot. Dhanush superb whenever he's playing senior  more restrained  version Sivasamy. In second half, violent massiness explained pretty lengthy flashback also involves casteism power conflicts. While effective, it's far cry 'Rajan' flashback Vada Chennai. Teejay Arunaasalam Ken Karunas, children Sivasamy, lend convincing performances. However, need voiceovers elucidating proceedings, times, felt like dampener.GVP's massy score fights total banger. He makes sure viewers not miss SaNa's compositions. Asuran sprinkled political undercurrents many commercial film  and filmmaker  usually tries avoid. It's redemption oppressed. For reason alone, film worth watch. Also, ends Ambedkar-like statement - education biggest difference-maker! may not Dhanush-Vetri's absolute best effort, yet one best Tamil cinema likely offer year.     found helpful. Was review helpful? Sign vote. Permalink",Asuran,0.19048101021785200,positive
46,santhosh,25 November 2019,Excellent Movie. another Best Movie Dhanush Vetrimaaran Combo. movie not boring. movie one Best Movie Dhanush Vetrimaaran. Songs BGM movie excellent. movie interesting beginning end. movie one Best Tamil Movie     . Excellent Movie.     found helpful. Was review helpful? Sign vote. Permalink,Asuran,0.875,positive
47,saru,7 October 2019,"Made slow mode throughout but perfect movie.Getting characters' lives natural felt like live characters hence movie felt lively.Dhanush old man role carries fantastically throughout movie, Dhanush perfect character artist Tamil cinema, simply gets fit kinda role. action sequences seemed real got goosebumps revelations Asuran,   action scenes enough elevate movie audience's mind.  -May-     Watching  nd time. Though lost excitement knowing whole plot, still enjoyable watch Dhanush's acting skills, awesome see actor diverse set things, taking us along ride submerging characters something rare actors nowadays, definitely delightful experience watching act out.     found helpful. Was review helpful? Sign vote. Permalink",Asuran,0.3242424242424240,positive
48,Azanspy,26 December 2019,"Asuran one best Tamil movie year. well made action drama good making powerful performances. Dhanush simply best actor Tamil cinema along Vijay Sethupathi. He father figure role younger role effectively. Manju Warrier also gave powerful performance applause efforts. Pasupathy Prakash Raj also good supporting roles. cinematography music really suits narrative movie gets us Tamil western mood. Overall, Asuran brilliant movie another masterclass Vertrimaaran's movie list.     found helpful. Was review helpful? Sign vote. Permalink",Asuran,0.4321428571428570,positive
49,dhavalpithwa,3 April 2021,Can't Explained Movie Watch Dhanush Act Unbelievable..     found helpful. Was review helpful? Sign vote. Permalink,Asuran,-0.25,negative
50,eldreddsouza,3 June 2021,"At first bit sceptical film last Tamil film watched trusting reviews 'Pariyerum Perumal' extremely disappointed it. haven't watched many Tamil films, since I'm Malayalam films love style film making. Having watched PP seeing high praises felt film hailed 'masterpiece' sorts bogus remarks, not many expectations Asuran, also high ratings. Tamil film watched apart usual Rajnikanth, Ravi Teja, Ram Charan masala films Mandela. A film happened like much.Anyway coming film, completely amazed well made is. film all. A riveting story, beautifully drawn character arcs, really immersive screenplay, fantastic realistic acting mindblowing action sequences. action film soooooo good masterfully choreographed watched entire film once. plot realistic, didn't find plotholes such. Something appreciate much make film hard taken seriously make feel stupid. Very realistic tone film tackles jarring issues faced rural parts country.There's not single thing dislike film. film heart acting every actor helps bring emotions.Totally impressed!  /  .     found helpful. Was review helpful? Sign vote. Permalink",Asuran,0.14470982142857100,positive
51,riddhimaakaritu,9 May 2021,Dhanush amazing.   Only thing didn't enjoy slow motion effect action sequences.     found helpful. Was review helpful? Sign vote. Permalink,Asuran,0.16000000000000000,positive
52,magadalwarmayur,11 December 2019,After vada Chennai good movie but nowhere near vada Chennai     found helpful. Was review helpful? Sign vote. Permalink,Asuran,0.40000000000000000,positive
53,HotDoggyBoomBooM,29 November 2019,It's really good movie honest doubts first .it worth unpredictable lacks many tamil movie story but movie best year.     found helpful. Was review helpful? Sign vote. Permalink,Asuran,0.45476190476190500,positive
54,arjuntkalathil,8 November 2019,"Here story old but direction acting made one good one time watch.Asuran mixture emotions,violence masses.If fan mass/class watch realistic too.      found helpful. Was review helpful? Sign vote. Permalink",Asuran,0.24166666666666700,positive
55,cinish,6 October 2019,"Granted movie threads not easy predict, but said done, mostly lot mindless violence.Dhanush acted well. Pretty much actors done really good work. Making performances good but nothing new take away.     found helpful. Was review helpful? Sign vote. Permalink",Asuran,0.2587121212121210,positive
56,WorldMovie,16 January 2022,"movie demonized. Everything is. It's story bloodshed person's life. Dhanush plays role farmer violent history. He settled peacefully wife three kids. Then saga violence erupts changing life forever. Dhanush eldest son beats landlord's son due land dispute. outputs killing eldest son. Then younger son kills landlord. Finally Dhanush kills landlord's entire family protecting younger son them. In midst movie also portrays Dhanush previoys life alcohol maker turned gradually bloody violent episode due injustices done him.About movie say it's bloody flick raw portrayal violence rural India. Though optimism end, still violence heart justifying title. Violence gripping point movie. If like bloodshed like it. Other's not. Dhanush not perfect role father. Prakash Raj always good. climax remains awkward. Dhanush though entire life blood shed advises son study refrain violence. didn't felt real all. If rural indian violent movies considered would recommend Virumandi. Summing movie felt like average action movie.  /   Vetrimann sir job.     found helpful. Was review helpful? Sign vote. Permalink",Asuran,-0.17107371794871800,negative
57,mujtabasaif,4 January 2021,"movie not good expected, like way protect family goons.     found helpful. Was review helpful? Sign vote. Permalink",Asuran,-0.22500000000000000,negative
58,mynameritesh,16 August 2020,"ASURAN        TAMIL REVIEW#asuranreview #asuran #tamilmovie #dhanush.. Plot  teenage son farmer underprivileged caste kills rich, upper caste landlord. Will farmer, loving father pacifist heart, able save hot-blooded son rest story.....Review   essential job director create character depth authenticity true life big screen. Vetri Maaran one Director portrays leads way thats even easy favourite Dhanush. Asuran raw, dark, gripping rivetting experience highlighting differences warring familes. Vetri Maaran aware craft displaying rural outfits Tamil Nadu efficiently hus contemporaries. setting , BGM Screenplay top notch. Pre Interval Fight Scene one best moments movie. poignant drama within household adds depth extending emotional elements.Malayalam Actress Manju Warrier outstanding wife Sivasami  Dhanush , gets accent dialogue delivery point. Teejay Ken done commendable acts sons Sivasami. Dhanush outstanding Sivasami, displays vulnerability rage brilliant performance. Pasupathy Prakash Raj noteworthy important roles.With astounding BGM, Vetri Maaran's Asuran rivetting watch takes account brilliant tight narrative , powerful performances pitch perfect screenplay. Brilliant Watch..Goods   . Vetri Maaran + Dhanush Combo . Realistic Rural Outfit . Intriguing Screenplay . BGM + Commendable Performances.. Bads   . Scenes Gory Violent... Final Rating    /  .. Verdict   Must Watch ..Follow Instagram More   @RiteshReviews     found helpful. Was review helpful? Sign vote. Permalink",Asuran,0.3063429217840980,positive
59,naveensankaran,11 November 2019,"When actor, go distance vision, calibre pull off impossible, stands sake art-form associated friendship, transform relatively known story rustic piece, palette wonderful performances..that's Asuran me.Backed surreal cinematography work bankable background score, Asuran Dhanush friendship Vetrimaran  Black pearl Thamizh cinema, would call rather .Vetrimaran sense casting, seems spot on. Again !Dhanush way beyond actor..he lived Sivasami, lived vision Vetrimaran. wish collaborations sake cinema fanatics like me..just loving work     found helpful. Was review helpful? Sign vote. Permalink",Asuran,0.1625,positive
60,jakegylly,31 January 2020,Bgm highlight you'll get chills sure screenplay natural story relatable society issues but second half bit lagging.... actors delivery finest performance overall watch movie     found helpful. Was review helpful? Sign vote. Permalink,Asuran,0.08666666666666670,negative
61,wwwranga,16 November 2019,Script poorly written realism missing action scenes.but actors acted film done job brilliantly.      found helpful. Was review helpful? Sign vote. Permalink,Asuran,0.10000000000000000,negative
62,nneelakandan,22 May 2021,movie clearly presented make movie novel portray characters without compromises. Apart dialogue delivery every characters played artist top notch. Superb direction watch movie.     found helpful. Was review helpful? Sign vote. Permalink,Asuran,0.5333333333333330,positive
63,vijaygujjar,7 November 2019,What movie man dhanushkraja nailed sivasamy role.Iamteejaymelody bro u rocked looking forward ur movies.The script & screenplay best VetriMaaran real cult & mass director ever seen till now.Themanjuwarrier steals show performance. Each actor best. back movie BGM gvprakash bro always rocks BGM.     found helpful. Was review helpful? Sign vote. Permalink,Asuran,0.55,positive
64,soumyalal,29 July 2020,don't understand Tamil but watching       mins movie understood everything. Terrific Story telling never seen movies like before. gem movie please bollywood don't spoil making remakes. Dhanush acting point perfect. Hats off director writer seriously mindblowing movie. BGM tooo good        found helpful. Was review helpful? Sign vote. Permalink,Asuran,0.2733333333333330,positive
65,vg,5 April 2020,"First hour good, refreshing. Then goes story goes back clichÃ©d images, action plays out. Still, good watch.      found helpful. Was review helpful? Sign vote. Permalink",Asuran,0.375,positive
66,marvelshazamgadot,28 May 2020,What times live kind movies produced. Same old rich poor problems. Why can't people innovate produce something better. These people can't question injustice real life but want happy making worst movies. Unbearable.      found helpful. Was review helpful? Sign vote. Permalink,Asuran,0.13113636363636400,positive
67,pritambag,24 April 2020,"A powerpact action movie highlighting real side caste system. actions sequences really horrifying dark. Dhanush terrifying father fighting son spine chilling BGM contrast it. film highlights, far man go family. If want watch realistic film based harsh naked society. it. personally thrilled would highly recommend it.     found helpful. Was review helpful? Sign vote. Permalink",Asuran,-0.1186111111111110,negative
68,ericsaju,14 July 2021,"One best Movie highlights ""UNFAIR PRACTICE OF LANDLORD IN THE SOCIETY"" . story start undistribution land . Dhanush Son killed landlord . effects case shown correctly movie. Tha movie ends message "" EDUCATION IS THE MOST IMPORTANT TOOL THAT WE CAN USE AGAINST THE ILLEGAL PROBLEMS IN OUR SOCIETY SOCIETY....OVERALL"" A MUST WATCH MOVIE'...     found helpful. Was review helpful? Sign vote. Permalink",Asuran,0.1166666666666670,positive
69,santhosh,6 April 2019,Good Movie. Ajith Kumar everybody acted well movie but not best Ajith Kumar. Fight scenes good movie. Songs BGM movie good. movie interesting twists turns. movie not interesting. movie lagged much made movie somewhat boring. movie illogical scenes. movie not excellent. Good Movie. 2 2 found helpful. Was review helpful? Sign vote. Permalink,Asal,0.12500000000000000,positive
70,Theonlydev,5 November 2011,Ajith wasted movie dull face inappropriate make up...previous films gained somethings..but time fails deliver good product...movie lacks many flaws loop holes..music background not good..worst movie saran's history..they aimed stylish movie but film looks dull half...Bhavana real relief movie...she comes cute charming face steal heart...first half OK..second half poor screenplay...sorry Ajith sir...one flop you...please choose good scripts...verdict-dull show Ajith saranrating-1/10 5 8 found helpful. Was review helpful? Sign vote. Permalink,Asal,0.12738095238095200,positive
71,pradeesh,10 February 2010,"movie Asal Ajith, stylish outfits cool attitude. Story not impressive but Ajith really impresses us silent yet powerful show. Its not new Tamil cinema storyline could better comes music. Ajith finally set benchmark colleagues not using special tag-line ""Ultimate star"", need extra applause brilliant initiative. screenplay really good times adds thrills suspense content. Cinematography top notch stunt choreography. To wrap Asal worth watch real entertainer. 12 25 found helpful. Was review helpful? Sign vote. Permalink",Asal,0.24935064935064900,positive
72,mpreethamraj,3 March 2021,"Saran pandered Ajith's image results obvious. songs hinder screenplay situations brainless guns, fist fury. There's even fight sequence Ajith simply breaks steel doors bare hands. Numerous ""thala"" dialogues pepper proceedings.To conclude, die-hard Ajith fans plenty reasons rejoice. For others, leave brains home. 1 1 found helpful. Was review helpful? Sign vote. Permalink",Asal,0.0125,negative
73,periyathambirajan,5 February 2010,"After Long Gap..... AjithKumar name title slides misses title ""Ultimate Star"" film Stylish customes similar James Bond 007 series. think Ajith tried retain multiple roles starring turned Blockbusters. film similar added list. First half amazing.... Second half OK.. Ajith fans enjoying films real entertainment expected AjithKumar... Ajith son father amazing... Saran missed find flaws films.. Thala fans joint hands see real Thala film.At last clear review movie ""Old Story but Looks Ajith Camer make film treat Tamil Cinema"" 14 24 found helpful. Was review helpful? Sign vote. Permalink",Asal,0.15333333333333300,positive
74,kamalks,10 February 2010,"much awaited asal finally hits screen expectation went movie. First all, hats off saran team brilliant effort create one stylish film ever made India. But, may process, failed concentrate much story well music factors put asal back foot..Ajith aka ""THALA"" major plus , may plus movie lives expectation... evident alone , apart Superstar, considered kind stylish movies made Tamil.. ""Thala"" factor takes movie another level... movie would total crap, acted anyone else Ajith... That tells much movie needs him...Asal basically lacks good story better music basic parameters south Indian movies.. no idea three people (saran, yugi sethu, ajith ) story screenplay, since search story anywhere movie.. And music horrible.. seems saran urged bharadwaj compose music way restroom.. Bharadwaj's asal(real) magic missing worst part stealing Bond movies theme background score...Sameera bhavana best fit roles but bhavana looks much younger Ajith, makes screen chemistry miserable. Sameera also wasted movie...Yugi sethu tried comedy succeeded but real comedian prabhu...As usual 1980's villain, except Kelly Dorji (shetty), stands among baddies...The movie would lot better, saran skipped songs... Among technicians, Prashanth D. Misale rocks cinematographer.. Especially opening scene, aerial beauty Paris mesmerizes viewers... Through movie, cinematography taken another dimension adds style content movie... Stunts short smart not like Tamil movies blood shed... But avoided one particular scene copied Korean movie ""a bittersweet life""... not rule stylish movies not story it.... Saran understand this... Asal certainly impresses movie goers around city... But no way create impact you... Only Ajith save movie on.... 7 10 found helpful. Was review helpful? Sign vote. Permalink",Asal,0.09750643500643500,negative
75,aanandthedon,5 October 2010,"Asal crap movie another flop ajithkumar,A big fan say film hit, but professional analyzing fact, certainly say ajith bagged flop. Story: Asal story feud three brothers over property; two brothers (Sampath Kumar Rajeev Krishna) one side avarice wealth righteous third trying stop family breaking down. No marks guessing righteous one, else but Ajith Kumar?! feud exists undercurrent presence father (Ajith again) turns ugly personal passes away. grows bigger two brothers joining elbow Ajith. He graciously steps aside, wanting keep cordial relations. But, two brothers not able handle huge wealth responsibility brings. Their wealth attracts trouble Ajith come back save brothers. Do things end feud continue, wealth disintegrate family Ajith conquer odds? Watch Asal find out.Verdict: Asal gain no great interest 8 17 found helpful. Was review helpful? Sign vote. Permalink",Asal,-0.13072562358276600,negative
76,SAMTHEBESTEST,24 October 2020,"Kaithi         Brief Review -A Hollywood Remake converted 'Blockbuster A Grade Action Drama' Tamil Cinema. Among South Action films seen till date whether Television Mobile, insensible unreasonable action sequences please masses therefore don't much interest watch films. Somehow, Kaithi made watchlist High Rating IMDb Bollywood Remake announcement. Now say that, Yes, South make Sensible Action Films right contect, well executed Action sequences perfect emotional touch. Kaithi fine example A Grade Action Film  not thriller all  far far away unrealistic non sense action flicks thin hero could take    healthy villains make fly high unseen hidden punches. Apart Action Kaithi also takes care proper plotting start end conflicts right places. leading role amazingly portrayed Karthi. He character first scene never took whether action sequence emotional scene. would hard forget image see Ajay Devgn Bollywood Remake even though Ajay Devgn Great Actor. Rest cast okay but no effective impact anyone. Lokesh Kanagraj direction matured rare genre kept essence content alive. He not fall apart adding comedy make another masala film, rather made thrilling rare. And despite little dark tone film became Blockbuster success proves Director's vision make original flick unoriginal genre right. Finally relief senseless Action flicks South Indian cinema since Bahubali KGF.RATING -  /  *By - #samthebestest     found helpful. Was review helpful? Sign vote. Permalink",Kaithi,0.15593426501035200,positive
77,arungeorge,2 December 2019,"It's fairly impossible craft action-thriller suited Tamil sensibilities without acknowledging audience. Lokesh Kanagaraj pretty amazing job staying true pure action genre Kaithi. It's action thriller lot heart. As saw Kanagaraj's earlier venture Maanagaram, Kaithi interweaving storylines. But treatment renders engaging throughout. It's long film      minutes so  yes, but story moves rapid pace audience remains consistently hooked. To put across funny way, Kaithi kind film there's much happening breakneck speed viewer who's open lid water bottle hydrate himself/herself may hold back so, till end another elaborate set-piece.And talk set-pieces, crafting stunning  though exaggerated times . Anbariv man behind well-thought-out sequences often raise levels adrenaline audience. Sathyan Sooryan  the DOP Theeran Adhigaaram Ondru  handles cinematography - Kaithi shot entirely night  except last frames  yet, everything unravels artificial light looks good screen. background score Sam CS definitely ups style element film, it's one soundtrack you'll want check YouTube SoundCloud immediately you're done watching.There no songs sappy romances Kaithi - well, that's action thriller ought be. appreciate Kanagaraj away unnecessary commercial elements, even numerous 'invincible mass hero' moments. It's wonderful Kanagaraj given emphasis characters Karthi's Dilli. George Maryan, relegated comical roles films, gets meaty character fair bit action - brilliantly memorable job it! Narain, we're seeing movies while, wonderfully restrained lets Karthi shine scenes whistling fans. Dheena offers comic relief form pop-culture references lightens tone otherwise serious flick.At core, there's also story father who's travelling meet daughter first time. While amps sentimental quotient, certain scenes one featuring crushed earrings, could written better  or completely subverted . There isn't suspense important twisty bits given away opening  half  itself, but Kanagaraj's packaging works wonders here. action bits strongly done, that's more-than-good reason watch Kaithi. Well, often see lungi-clad hero using Gatling gun?     found helpful. Was review helpful? Sign vote. Permalink",Kaithi,0.16980077745383900,positive
78,santhosh,6 December 2019,Excellent Movie. Everybody acted well movie. movie interesting thrilling. There no boring scenes songs. main highlight movie everybody equal scope perform made movie excellent. movie many thrilling scenes. movie one Best Movie Karthi one Best Tamil Movie     . Excellent Movie.     found helpful. Was review helpful? Sign vote. Permalink,Kaithi,0.5972222222222220,positive
79,kamalbeeee,29 October 2019,Film based cocane smuggling cops goons...one good cop seeking help man recently released jail sentence...great screenplay lot twists interesting facts...cold blood scenes also there...director indicts part   movie...Cast soo good...especially Karthi naren...     found helpful. Was review helpful? Sign vote. Permalink,Kaithi,0.275,positive
80,saru,30 October 2019,"An engaging one!No songs, no heroine, no romance but emotionally charged actions twists & turns kept us engaged throughout film.      found helpful. Was review helpful? Sign vote. Permalink",Kaithi,0.2,positive
81,Azanspy,30 October 2019,"don't remember last time saw Tamil movie mass movie good thriller. Petta fits part mass movie but not thriller. Kaithi high voltage scenes. film full action start end. There no hero flashback scenes romantic dance number leading couples. There's not even female lead there's no need it. liked elements Kaithi. Karthi excellent job carries film shoulders. direction screenplay also good movie not bore anytime even though full action. bgm also cool. Overall, Kaithi watch movie theatres everyone watch Bigil. Waiting sequel.     found helpful. Was review helpful? Sign vote. Permalink",Kaithi,0.315,positive
82,vjnambu,5 November 2019,"title film not kaithi story prisoner but one starts watching locked won't move film ends. Initially, not interested film. didn't even see trailer. But super strong positive word mouth made curious watch it. Finally, got see everything said true. keeps glued seat start finish. best thing film bgm helps film not become dull makes worth theatre experience. Screenplay film watertight despite many things happening around. Performances everyone perfect. Karthi proves versatility dilli. His acting emotional scenes amazing. loved voice anbu character  not sure whether dubbed . Special mention goes police constable character called second hero film. Tamil cinema famous family sentiments. Kaithi daughter sentiment touching. Kudos karthi child. And finally action sequences. Though unrealistic bit over top powerful. Film ends cliffhanger making eager know dilli. On whole, kaithi watch interesting plot, tight screenplay many thrilling moments. Waiting sequel. Hats off lokesh kanakarajan best thalapathy   .     found helpful. Was review helpful? Sign vote. Permalink",Kaithi,0.28143262987013000,positive
83,AnonymousbutDilpreet,7 May 2021,"not big fan action movies. reason is- don't offer anything new always believe there's limit much enjoy them. Beyond certain point, become monotonous.Coming Kaithi, got many things right action films usually don't. One fact not lose plot badly. director smart enough not include lousy action scenes, flashbacks, pointless comedy. action limited doesn't get repetitive. For average Indian, may look grim goresome, but fans genre, may seem mild.I didn't like characters. They not good enough love but not bad enough hate either, i.e, lack depth. Action not top-notch, it's okayish. Plot-line thin but it's not bad thing all. But action movie,     minutes much liking.And big question is, worthy  . /  ? Well, much Thadam Ratchasan. It's high time stop promoting mediocre films. Many Tamil/Telugu movies last   years got ludicrously high ratings, one no exception. IMDB ratings lost relevance completely.     found helpful. Was review helpful? Sign vote. Permalink",Kaithi,-0.012620631401119200,negative
84,sriramthestranger,26 October 2019,"unique film Tamil cinema without songs  or  lead actress. plot happens night protagonist agrees lorry driver safely land cops Commissioner office. action sequences realistic carry forward narration. Karthi brilliant acting stunt sequences. narration jumps back forth gangsters, lorry drive police station. A brilliant film not disappoint you!!! Do watch it!!     found helpful. Was review helpful? Sign vote. Permalink",Kaithi,0.3802083333333330,positive
85,ragingbull,16 May 2021,"Hand heart, gave almost orgasmic pleasure. Yes, good.The IMDb summary is, thankfully, incomplete doesn't give much away.This directorial triumph, editing writing coming close second third. screenplay worth salivating over.One low point action scenes sometimes over- -top.The pace relentless maintain beginning end, runtime     minutes, quite accomplishment.The acting right, but honest wouldn't mattered much direction.Rightfully rated amongst top Indian movies time.My favourite film first  .  months     .Streaming _Hotstar_. remade Hindi, Ajay Devgan.     found helpful. Was review helpful? Sign vote. Permalink",Kaithi,0.2029761904761910,positive
86,nidhunmoviebuff,21 January 2020,"Karthi delivers yet another blockbuster Theeran adhigaaram ondru Thozha performance Kaithi subtle nuanced parts big helpings masala action needed. Although movie overstretched   hours    minutes, heartwarming climax makes it.Right introduction sequence, feel pain longing felt Karthi's character 'Dilli' life lost behind bars much misses family. Director Logesh Kanagaraj mixed right amounts stunts fight sequences without going overboard like masala Tamil movies, keeping script focus. Especially loved restraint director showed not going Karthi's backstory elaborate, action-infused flashback sequences  as norm , but instead revealing pieces well-enacted conversations Dilli  Karthi  fantastic Dheena hapless lorry-owner/caterer Kamatchi. A definite watch!Karthi ability picking good scripts, something brother learn from.     found helpful. Was review helpful? Sign vote. Permalink",Kaithi,0.11445578231292500,positive
87,dhavalpithwa,27 October 2020,What fantastic Movie #karthi Act Was Unbelievable Perfect Every Scene Was Mind Blowing... Direction Story ....Can't World Fr Movie...Unexpected..........Describe One World Masterpiece..     found helpful. Was review helpful? Sign vote. Permalink,Kaithi,0.3833333333333330,positive
88,InsaneMan,31 October 2020,"Slightly spooo, don't worry, ignoring.Script -  /  Story -  /  Direction -  /  Cinematography -  /  Acting -  /  Editing -  /  Genre - Suspense/Action/ThrillerFlaw - severalOverall  .A compelling & tensed environment beginning, not single second ignore. A milestone south cinema industry. compared another thriller A Wednesday. Though Kaithi flaws A Wednesday greater one.   KM, takes time     KM. Karthi's fatherhood fine overall expression doesn't fit compelling situation. His story remains mystery. His expression towards daughter show off emotion, not much serious anything. In points, Karthi's acting worst, expressions actions make no sense. In fine, Karthi one flaw movie. If say is, spoiler. clue, needed serious health checkups but didn't care.     found helpful. Was review helpful? Sign vote. Permalink",Kaithi,0.06904761904761910,negative
89,magadalwarmayur,7 December 2019,movie almost perfect . cinematography editing choreography action top-notch. Director good job performing executing shots . whole movie epic. love emotional aspect daughter beautiful see big screen     found helpful. Was review helpful? Sign vote. Permalink,Kaithi,0.445,positive
90,Harshithnagraj,20 January 2021,first film Karthi seen but doesn't disappoint me. One best action thrillers seen life l. That bgm really next level. And action sequences simply mind-blowing. Overall life time experience.     found helpful. Was review helpful? Sign vote. Permalink,Kaithi,0.20714285714285700,positive
91,postsenthil,8 December 2019,"A truck load drugs seized crack team cops appears biggest drug bust ever. desperate drug gang wants consignment back cost.Thus begins narrative thrill ride events unfolding over night well placed moles side safety cache well lives top cops hanging slender thread resting shoulders recently released convict.Karthi brings simmering intensity part protagonist, Dilli - father yearning see daughter first time spending decade prison well titular macho convict rescuing cops. Sam CS throttles proceedings onwards pulsating score.After stellar debut Maanagaram, director Lokesh Kanagaraj  LK  delivers average action flick fairly engaging entertaining.Overall, may not match Maanagaram audacity, Kaithi, despite flaws, neat action entertainer.     found helpful. Was review helpful? Sign vote. Permalink",Kaithi,0.09583333333333330,negative
92,naveensankaran,11 November 2019,"It's while, since witnessed Intense thriller filled humour, emotion action, tightly knitted together. Kaidhi racy-step ahead terms quality filmmaking. LokeshKanagaraj master screenplay indeed! never expected one bring seriously emotional scene, right next heavy holly-style action block.Karthi surrendered Dilli, remembered one kick-ass characters recent times.Kaidhi - surrender screenplay !Get real experience theatres!     found helpful. Was review helpful? Sign vote. Permalink",Kaithi,0.08020833333333330,negative
93,niyantha,25 October 2019,"@Dir_Lokeshwt show manwritten,Directed unique emotional manner strong action.Content speaks what's caliber.Needed guts write kind plots without #Actress Songs.Congratulations success.#Karthimost promisingwild,raw performanceafter Parudhi veeran@SamCSmusic BGM terrifying#SathyaSooran Cinematography     found helpful. Was review helpful? Sign vote. Permalink",Kaithi,0.3520833333333330,positive
94,jakegylly,19 January 2020,"Except fight sequences bit illogical story, screenplay, acting everything awesome interesting till end definitely Worth watching movie     found helpful. Was review helpful? Sign vote. Permalink",Kaithi,0.45,positive
95,sarathpillaijl,16 December 2019,"Oh man..... one splendid. Speechless, edge seat. As watching late, waiting hero's entry boy, movie deliver it! Throughout movie want hero win, director somehow found way make us feel way. My heart pounding throughout duration movie. definitely going glue eye screen.The direction screenplay world. He even managed capture father daughter sentiments round action movie.The cast wonderful. Everybody justice role.The story fantastic. Its like desi version John Wick. would definitely love see sequel.Overall outstanding movie.       found helpful. Was review helpful? Sign vote. Permalink",Kaithi,0.35583333333333300,positive
96,rohitreviews,15 November 2019,"Good movie, bit over done end. Acting good, story could little bit better, it's action movie rather story such. Entertainment sure       found helpful. Was review helpful? Sign vote. Permalink",Kaithi,0.2890625,positive
97,navendukrishnan,27 October 2019,"Kaithi - Diwali GiftKaithi one kind , different, perfect diwali entertainer. story never seen Indian film history. Its intriguing , thrilling till end.I cannot say much story complicated perfectly gripping out.LOkesh Kanagaraj crafted perfect story direction us. casting perfect. Karthi rocks hero role. Narain's best comeback while. best performer movie George Maryan. Till got comic role presents silly guy, movie even attitude, took audience 's applause fully. Sathyan Sooryan's Cinematography bloody beautiful. loved works Yuddham sei, Mugamoodi, Theeran etc.You shouldn't miss movie please watch theater wont regret.There not much negative things movie, however felt sentimental scenes karthi dramatic falling-getting cliche fight irrelevant. But doesn't even stand entertainment movie gives.     found helpful. Was review helpful? Sign vote. Permalink",Kaithi,0.276984126984127,positive
98,tegrazero,22 April 2020,"Mother Teresa India charity home 'sold babies'!yes it's factual! watch hells angel christopher hitchens don't believe it.movie propaganda push rice bag conversions.let's talk plot. drug,crimminal. BORING stuff. movie slower moon cycle. took   power naps movie still going on!      found helpful. Was review helpful? Sign vote. Permalink",Kaithi,-0.55,negative
99,santhosh,21 April 2019,"Good Movie  st half. movie boring  nd half. movie not good Muni, Kanchana Kanchana  . movie not worst but somewhat good performances Raghava Lawrence, Kovai Sarala, Devadarshini Sriman. three heroines not needed movie. Songs not good movie. BGM good movie. movie continuity mistakes. Soori not used movie. Many characters not used well movie. movie not worst but movie good.      found helpful. Was review helpful? Sign vote. Permalink",Kanchana 3,0.18888888888888900,positive
100,saru,27 August 2019,"worst installment far.The plot seemed heavily inspired actor's real-life exaggerated high fictional note.Since previous installments series hit, doesn't mean upcoming installment would well movie best example philosophy. Finally, they've spoiled long series going well Tamil Cinema.Although action sequence movie start nice.     found helpful. Was review helpful? Sign vote. Permalink",Kanchana 3,-0.030763888888888900,negative
101,sreeragmeppadath,19 May 2019,Nothing new.Worst installment.Avoid thisTo makers Please dont release       found helpful. Was review helpful? Sign vote. Permalink,Kanchana 3,0.0,negative
102,hiflyplane,19 May 2019,Known story line. But doesn't deter overall entertainment value fun factors. Can watch casual family comedy sort entertainment.     found helpful. Was review helpful? Sign vote. Permalink,Kanchana 3,-0.06666666666666670,negative
103,Sibi,5 May 2019,"senthil's dialogue, title says everything.       found helpful. Was review helpful? Sign vote. Permalink",Kanchana 3,0.0,negative
104,pessu,19 April 2019,"Comedy , horror & entertainment it's bring mind serious art type movie stay home. masses sit laugh enjoy go home ... don't bring mind judge something made entertain.      found helpful. Was review helpful? Sign vote. Permalink",Kanchana 3,0.12222222222222200,positive
105,Monarch,19 July 2019,"If planned watch movie, please turn off brain runtime. Incredibly chiched, misgyonistic, trash movie over top performances. If hell bent watching movie, would better off previous installments franchise. Because plot time enjoyable. glad didn't spent money watch theatres.     found helpful. Was review helpful? Sign vote. Permalink",Kanchana 3,0.3761904761904760,positive
106,kariamalar,28 April 2019,Superb performance kovai sarala.Loved itacting- /  plot- . /  e value- /        found helpful. Was review helpful? Sign vote. Permalink,Kanchana 3,1.0,positive
107,praveenfaster,23 May 2019,"No logic no new scenes no screenplay. wish watch horror film, go watch children but don't expect anything, nothing.     found helpful. Was review helpful? Sign vote. Permalink",Kanchana 3,-0.06818181818181820,negative
108,Narender,20 April 2019,"As kanchana franchise movie really disappoint plot sequences Kanchana movie, nothing engage boring film..       found helpful. Was review helpful? Sign vote. Permalink",Kanchana 3,-0.4,negative
109,swarupatekumar,3 May 2019,Routine movie poor entertainment movie scenes give headache      found helpful. Was review helpful? Sign vote. Permalink,Kanchana 3,-0.4,negative
110,pragione,24 April 2019,Sequel carrying style. but yet make us laugh least    places. but finally whats point ending super boring flashback super idiotic climax. seems like power rangers end. people expecting little entertainment. but finally didn't come well like kanchana.      found helpful. Was review helpful? Sign vote. Permalink,Kanchana 3,-0.13194444444444400,negative
111,shibinasks,11 June 2019,He made movie template using repeatedly quute exhausting watch. One worst movies ever watched.     found helpful. Was review helpful? Sign vote. Permalink,Kanchana 3,-0.7,negative
112,dashamoolam,28 May 2019,Waste money don't watch seriesThis movie crap      found helpful. Was review helpful? Sign vote. Permalink,Kanchana 3,-0.5,negative
113,arjunss,26 April 2019,"If looking family entertainer, good choice. However story similar previous parts, little bit new elements added. horror elements periodically timed humour scenes. In fact, sound makes horror feel visuals. A good first half flash back oriented second part. traditional screenplay Muni Series. Kanchana   also follows trademark.      found helpful. Was review helpful? Sign vote. Permalink",Kanchana 3,0.1387941919191920,positive
114,silentmonk,19 May 2019,"Cant stop laughing, also gave good morality. really liked it....      found helpful. Was review helpful? Sign vote. Permalink",Kanchana 3,0.6500000000000000,positive
115,sharoonsrn,27 May 2019,"If true movie fan don't watch film may attempt suicide.Nothing scenario.Lawrence fantastic dancer not good writer director. He wants old aged masalas,glam dolls,jokeless comedy,flying fights thats doent make sense.       found helpful. Was review helpful? Sign vote. Permalink",Kanchana 3,0.10000000000000000,positive
116,gummidiomkar,23 April 2019, st half good horror scenes comedy.  nd half lacks little bit both. good watch but not highly good. better concept change.      found helpful. Was review helpful? Sign vote. Permalink,Kanchana 3,0.14702380952381000,positive
117,pavithra,19 April 2019,"Fun loaded laughed tears, usual Ragava Lawrence rocked dance.Kovai sarala rocked Devadharshini given best team her.      found helpful. Was review helpful? Sign vote. Permalink",Kanchana 3,0.4375,positive
118,rekresh,30 April 2019,"Super entertaining, scary , real ghost effect . Good effort ... enjoy watching .      found helpful. Was review helpful? Sign vote. Permalink",Kanchana 3,0.2722222222222220,positive
119,krishgnanam,28 December 2019,"One worst film Tamil cinema. If ragava Lawrence doesn't new story, choose good writer paying money, instead killing Tamil people worst story, ghost catch incidentally, not delibaretely going ghost place touching ghost follow them... Really worst film... All mokka comedy, waste three heroin....     found helpful. Was review helpful? Sign vote. Permalink",Kanchana 3,-0.2662337662337660,negative
120,abhayroxxx,7 May 2019,Best part movie left theater.       found helpful. Was review helpful? Sign vote. Permalink,Kanchana 3,0.5,positive
121,murlesamb,27 April 2019,Feels little disappointment due over expectation      found helpful. Was review helpful? Sign vote. Permalink,Kanchana 3,-0.30416666666666700,negative